{
    "name": "Header Promo Banner",
    "description": "Banner for campaign",
    "group": "commerce_assets",
    "attribute_definition_groups": [
        {
            "id": "campaignBannerMessage",
            "name": "Header Promo Banner Message",
            "description": "The message to be displayed on the Header Promo Banner.",
            "attribute_definitions": [
                {
                    "id": "bannerMessage",
                    "name": "Banner Message",
                    "description": "Message to be displayed on the banner.",
                    "type": "markup",
                    "required": false
                }
            ]
        }
    ],
    "region_definitions": []
}
